{
  "实心弹": 2,
  "葡萄弹": 2,
  "链弹": 2,
  "炸弹": 2,
  "食物": 2,
  "帆布": 1,
  "木板": 2,
  "砖头": 2,
  "小麦": 3,
  "衣物": 2,
  "水果": 1,
  "咖啡": 2,
  "可可": 2,
  "烟草": 1,
  "糖": 1,
  "棉花": 2,
  "皮革": 2,
  "乌木": 2,
  "桃花心木": 2,
  "香草": 2,
  "椰仁": 2,
  "红辣椒": 2,
  "火药": 3,
  "武器": 5,
  "药品": 3,
  "葡萄酒": 3,
  "朗姆酒": 1,
  "麦芽酒": 3,
  "船用丝绸": 5,
  "绳索": 5,
  "铁木": 5,
  "树脂": 5,
  "奴隶": 5,
  "黄金": 2,
  "白银": 2
}